iso3,country,region,subregion,disaggregation,disagg.value,section,Calcium_2016,Fruit_2016,Legumes_2016,Milk_2016,Nuts and seeds_2016,Omega 3_2016,Polyunsaturated fat_2016,Processed meat_2016,Red meat_2016,Salt_2016,Saturated fat_2016,Sugar-sweetened beverages_2016,Trans fat_2016,Vegetables_2016,Whole grain_2016
AFG,Afghanistan,Asia,Southern Asia,location,National,Dietary needs,0.28,39.99,12.66,49.81,2.32,0.01,0.02,0.27,10.1,4.23,0.08,93.27,0,67.93,64.3
AFG,Afghanistan,Asia,Southern Asia,location,Regional,Dietary needs,0.38,100.68,48.24,36.09,2.18,0.12,0.05,1.55,22.37,5.21,0.07,84.22,0,225.45,61.09
AGO,Angola,Africa,Middle Africa,location,National,Dietary needs,0.29,110.16,58.86,11.67,0.35,0.05,0.08,1.05,16.11,3.36,0.07,84.98,0,108.27,26.53
AGO,Angola,Africa,Middle Africa,location,Regional,Dietary needs,0.31,89.42,64.68,28.01,2.36,0.03,0.03,0.85,10.17,3.1,0.06,88.37,0,129.82,31.1
ALB,Albania,Europe,Southern Europe,location,National,Dietary needs,1.12,146.58,24.45,202.19,3.9,0.06,0.03,7.37,26.44,4.61,0.09,87.8,0,393.68,20.8
ALB,Albania,Europe,Southern Europe,location,Regional,Dietary needs,0.75,100.7,14.28,132.75,2.98,0.07,0.05,7.26,41.63,3.93,0.09,98.03,0,181.38,25.29
AND,Andorra,Europe,Southern Europe,location,National,Dietary needs,0.9,158.8,18.36,224.04,5.96,0.11,0.05,9.63,53.03,4.21,0.09,99.26,0,223.57,31.48
AND,Andorra,Europe,Southern Europe,location,Regional,Dietary needs,0.75,100.7,14.28,132.75,2.98,0.07,0.05,7.26,41.63,3.93,0.09,98.03,0,181.38,25.29
ARE,United Arab Emirates,Asia,Western Asia,location,National,Dietary needs,0.61,153.59,113.99,70.96,7.13,0.09,0.06,1.33,21.92,4.26,0.07,113.11,0,171.36,29.64
ARE,United Arab Emirates,Asia,Western Asia,location,Regional,Dietary needs,0.38,100.68,48.24,36.09,2.18,0.12,0.05,1.55,22.37,5.21,0.07,84.22,0,225.45,61.09
ARG,Argentina,Latin America and the Caribbean,South America,location,National,Dietary needs,0.58,173.84,7.09,106.1,0.47,0.13,0.06,3.7,70.85,3.8,0.07,59.78,0,144.6,14.96
ARG,Argentina,Latin America and the Caribbean,South America,location,Regional,Dietary needs,0.51,145.12,53.74,78.76,0.98,0.09,0.08,3.65,39.86,3.67,0.08,204.37,0.01,109.36,123.31
ARM,Armenia,Asia,Western Asia,location,National,Dietary needs,0.78,93.62,1.43,85.88,1.5,0.06,0.04,1.46,20.63,4.74,0.09,104.78,0,460.08,21.35
ARM,Armenia,Asia,Western Asia,location,Regional,Dietary needs,0.38,100.68,48.24,36.09,2.18,0.12,0.05,1.55,22.37,5.21,0.07,84.22,0,225.45,61.09
ATG,Antigua and Barbuda,Latin America and the Caribbean,Caribbean,location,National,Dietary needs,0.37,129.8,22.66,57.33,0.94,0.12,0.12,1.9,17.24,3.08,0.11,169.18,0,91.98,84.68
ATG,Antigua and Barbuda,Latin America and the Caribbean,Caribbean,location,Regional,Dietary needs,0.51,145.12,53.74,78.76,0.98,0.09,0.08,3.65,39.86,3.67,0.08,204.37,0.01,109.36,123.31
AUS,Australia,Oceania,Australia and New Zealand,location,National,Dietary needs,0.75,102.51,18.04,217.36,6.42,0.12,0.03,5.55,69.54,2.96,0.12,58.07,0.01,146.81,19.1
AUS,Australia,Oceania,Australia and New Zealand,location,Regional,Dietary needs,0.61,97,18.28,171.73,4.67,0.09,0.03,4.47,56.52,2.93,0.12,67.97,0.01,125.79,23.49
AUT,Austria,Europe,Western Europe,location,National,Dietary needs,0.73,139.72,14.5,173.65,5.53,0.07,0.03,5.7,77.15,4.19,0.09,104.15,0,153.22,26.26
AUT,Austria,Europe,Western Europe,location,Regional,Dietary needs,0.75,100.7,14.28,132.75,2.98,0.07,0.05,7.26,41.63,3.93,0.09,98.03,0,181.38,25.29
AZE,Azerbaijan,Asia,Western Asia,location,National,Dietary needs,0.59,105.34,1.07,87.64,4.48,0.04,0.02,2.65,19.26,4.78,0.07,87.2,0.01,337.72,19.72
AZE,Azerbaijan,Asia,Western Asia,location,Regional,Dietary needs,0.38,100.68,48.24,36.09,2.18,0.12,0.05,1.55,22.37,5.21,0.07,84.22,0,225.45,61.09
BDI,Burundi,Africa,Eastern Africa,location,National,Dietary needs,0.22,33.72,45.28,12.67,0.28,0,0.01,0.34,5.62,2.59,0.05,96.97,0,36.94,25.23
BDI,Burundi,Africa,Eastern Africa,location,Regional,Dietary needs,0.31,89.42,64.68,28.01,2.36,0.03,0.03,0.85,10.17,3.1,0.06,88.37,0,129.82,31.1
BEL,Belgium,Europe,Western Europe,location,National,Dietary needs,0.84,105.49,10.98,146.3,3.41,0.08,0.07,7.14,49.82,3.53,0.1,106.46,0,208.68,32.68
BEL,Belgium,Europe,Western Europe,location,Regional,Dietary needs,0.75,100.7,14.28,132.75,2.98,0.07,0.05,7.26,41.63,3.93,0.09,98.03,0,181.38,25.29
BEN,Benin,Africa,Western Africa,location,National,Dietary needs,0.26,60.37,94.07,9.7,4.19,0.02,0.01,0.75,4.77,2.7,0.05,75.78,0,79.37,24.67
BEN,Benin,Africa,Western Africa,location,Regional,Dietary needs,0.31,89.42,64.68,28.01,2.36,0.03,0.03,0.85,10.17,3.1,0.06,88.37,0,129.82,31.1
BFA,Burkina Faso,Africa,Western Africa,location,National,Dietary needs,0.27,9.95,135.68,20.78,1.99,0.02,0.01,0.75,12.05,2.7,0.06,69.68,0,43.29,17.45
BFA,Burkina Faso,Africa,Western Africa,location,Regional,Dietary needs,0.31,89.42,64.68,28.01,2.36,0.03,0.03,0.85,10.17,3.1,0.06,88.37,0,129.82,31.1
BGD,Bangladesh,Asia,Southern Asia,location,National,Dietary needs,0.18,34.45,33.23,19.18,0.91,0.01,0.04,0.75,2.45,5.24,0.04,79.33,0.01,48.36,23.1
BGD,Bangladesh,Asia,Southern Asia,location,Regional,Dietary needs,0.38,100.68,48.24,36.09,2.18,0.12,0.05,1.55,22.37,5.21,0.07,84.22,0,225.45,61.09
BGR,Bulgaria,Europe,Eastern Europe,location,National,Dietary needs,0.65,71.12,17.86,60.03,2.96,0.06,0.07,5.07,55.84,4.61,0.08,95.15,0,369.37,19.67
BGR,Bulgaria,Europe,Eastern Europe,location,Regional,Dietary needs,0.75,100.7,14.28,132.75,2.98,0.07,0.05,7.26,41.63,3.93,0.09,98.03,0,181.38,25.29
BHR,Bahrain,Asia,Western Asia,location,National,Dietary needs,0.65,170.31,44.46,120.14,8.61,0.09,0.05,2,19.64,4.24,0.07,102.63,0,341.55,31.41
BHR,Bahrain,Asia,Western Asia,location,Regional,Dietary needs,0.38,100.68,48.24,36.09,2.18,0.12,0.05,1.55,22.37,5.21,0.07,84.22,0,225.45,61.09
BHS,Bahamas,Latin America and the Caribbean,Caribbean,location,National,Dietary needs,0.51,276.98,5.36,78.78,1.67,0.11,0.11,2.1,36.13,3.08,0.11,180.77,0,173.19,83.7
BHS,Bahamas,Latin America and the Caribbean,Caribbean,location,Regional,Dietary needs,0.51,145.12,53.74,78.76,0.98,0.09,0.08,3.65,39.86,3.67,0.08,204.37,0.01,109.36,123.31
BIH,Bosnia and Herzegovina,Europe,Southern Europe,location,National,Dietary needs,0.74,100.01,33.18,113.09,1.8,0.04,0.03,3.73,15.17,4.63,0.06,86.44,0,321.86,20.95
BIH,Bosnia and Herzegovina,Europe,Southern Europe,location,Regional,Dietary needs,0.75,100.7,14.28,132.75,2.98,0.07,0.05,7.26,41.63,3.93,0.09,98.03,0,181.38,25.29
BLR,Belarus,Europe,Eastern Europe,location,National,Dietary needs,0.77,86.5,5.1,123.34,2.43,0.08,0.04,4.99,48.13,3.99,0.08,95.56,0,256.86,19.69
BLR,Belarus,Europe,Eastern Europe,location,Regional,Dietary needs,0.75,100.7,14.28,132.75,2.98,0.07,0.05,7.26,41.63,3.93,0.09,98.03,0,181.38,25.29
BLZ,Belize,Latin America and the Caribbean,Central America,location,National,Dietary needs,0.42,112.07,38.18,52.14,0.59,0.05,0.07,0.89,15.68,3.09,0.08,189.79,0,91.83,97.27
BLZ,Belize,Latin America and the Caribbean,Central America,location,Regional,Dietary needs,0.51,145.12,53.74,78.76,0.98,0.09,0.08,3.65,39.86,3.67,0.08,204.37,0.01,109.36,123.31
BOL,Bolivia (Plurinational State of),Latin America and the Caribbean,South America,location,National,Dietary needs,0.25,105.44,17.86,20.56,6.96,0.09,0.09,0.84,28.48,3.82,0.08,95.39,0.01,70.87,105
BOL,Bolivia (Plurinational State of),Latin America and the Caribbean,South America,location,Regional,Dietary needs,0.51,145.12,53.74,78.76,0.98,0.09,0.08,3.65,39.86,3.67,0.08,204.37,0.01,109.36,123.31
BRA,Brazil,Latin America and the Caribbean,South America,location,National,Dietary needs,0.59,158.76,72.44,88.88,0.89,0.12,0.11,2.43,57.05,3.81,0.08,184.83,0,99.76,104.93
BRA,Brazil,Latin America and the Caribbean,South America,location,Regional,Dietary needs,0.51,145.12,53.74,78.76,0.98,0.09,0.08,3.65,39.86,3.67,0.08,204.37,0.01,109.36,123.31
BRB,Barbados,Latin America and the Caribbean,Caribbean,location,National,Dietary needs,0.5,130.25,53.66,90.41,1.33,0.09,0.08,1.79,20.36,3.08,0.1,187.14,0,117,88.34
BRB,Barbados,Latin America and the Caribbean,Caribbean,location,Regional,Dietary needs,0.51,145.12,53.74,78.76,0.98,0.09,0.08,3.65,39.86,3.67,0.08,204.37,0.01,109.36,123.31
BRN,Brunei Darussalam,Asia,South-eastern Asia,location,National,Dietary needs,0.55,109.63,22.35,74.04,2.79,0.12,0.03,7.43,17.1,5.5,0.09,33.37,0,116.35,22.64
BRN,Brunei Darussalam,Asia,South-eastern Asia,location,Regional,Dietary needs,0.38,100.68,48.24,36.09,2.18,0.12,0.05,1.55,22.37,5.21,0.07,84.22,0,225.45,61.09
BTN,Bhutan,Asia,Southern Asia,location,National,Dietary needs,0.36,74.51,46.91,68.3,2.42,0.03,0.03,1.32,7.51,5.22,0.05,98.23,0.01,118.79,21.09
BTN,Bhutan,Asia,Southern Asia,location,Regional,Dietary needs,0.38,100.68,48.24,36.09,2.18,0.12,0.05,1.55,22.37,5.21,0.07,84.22,0,225.45,61.09
BWA,Botswana,Africa,Southern Africa,location,National,Dietary needs,0.43,68.92,44.36,79.15,0.99,0.03,0.05,1.78,12.95,3.11,0.08,106.72,0,68.32,14
BWA,Botswana,Africa,Southern Africa,location,Regional,Dietary needs,0.31,89.42,64.68,28.01,2.36,0.03,0.03,0.85,10.17,3.1,0.06,88.37,0,129.82,31.1
CAF,Central African Republic,Africa,Middle Africa,location,National,Dietary needs,0.23,54.64,35.54,12.62,2.46,0.02,0.01,0.45,20.22,3.35,0.09,75.59,0,34.89,38.78
CAF,Central African Republic,Africa,Middle Africa,location,Regional,Dietary needs,0.31,89.42,64.68,28.01,2.36,0.03,0.03,0.85,10.17,3.1,0.06,88.37,0,129.82,31.1
CAN,Canada,North America,Northern America,location,National,Dietary needs,0.68,149.18,54.43,167.27,3.37,0.14,0.04,10.92,48.12,4.4,0.09,45.16,0.01,186.5,23.35
CAN,Canada,North America,Northern America,location,Regional,Dietary needs,0.87,117.74,20.8,180.03,10.17,0.11,0.08,17.39,48.89,4.97,0.1,48.43,0.01,173.84,24.77
CHE,Switzerland,Europe,Western Europe,location,National,Dietary needs,0.83,114.38,7.09,174.37,6.56,0.05,0.04,6.44,53.39,4.2,0.11,111.42,0.01,120.23,31.88
CHE,Switzerland,Europe,Western Europe,location,Regional,Dietary needs,0.75,100.7,14.28,132.75,2.98,0.07,0.05,7.26,41.63,3.93,0.09,98.03,0,181.38,25.29
CHL,Chile,Latin America and the Caribbean,South America,location,National,Dietary needs,0.43,119.72,23.13,45.39,1.89,0.1,0.06,21.32,50.78,4,0.07,63.81,0,211.92,11.5
CHL,Chile,Latin America and the Caribbean,South America,location,Regional,Dietary needs,0.51,145.12,53.74,78.76,0.98,0.09,0.08,3.65,39.86,3.67,0.08,204.37,0.01,109.36,123.31
CHN,China,Asia,Eastern Asia,location,National,Dietary needs,0.43,112.91,18.15,22.08,1.94,0.04,0.06,1.36,42.13,7.05,0.08,74.53,0,276.79,43.24
CHN,China,Asia,Eastern Asia,location,Regional,Dietary needs,0.38,100.68,48.24,36.09,2.18,0.12,0.05,1.55,22.37,5.21,0.07,84.22,0,225.45,61.09
CIV,CÃ´te dâ€™Ivoire,Africa,Western Africa,location,National,Dietary needs,0.24,107.64,26.64,7.9,5.92,0.01,0.01,0.92,4.08,2.7,0.07,81.58,0,80.08,23.36
CIV,CÃ´te dâ€™Ivoire,Africa,Western Africa,location,Regional,Dietary needs,0.31,89.42,64.68,28.01,2.36,0.03,0.03,0.85,10.17,3.1,0.06,88.37,0,129.82,31.1
CMR,Cameroon,Africa,Middle Africa,location,National,Dietary needs,0.29,147.71,131.3,12.99,2.89,0.02,0.01,0.97,8.86,2.7,0.06,80.5,0,175.3,30.7
CMR,Cameroon,Africa,Middle Africa,location,Regional,Dietary needs,0.31,89.42,64.68,28.01,2.36,0.03,0.03,0.85,10.17,3.1,0.06,88.37,0,129.82,31.1
COD,Democratic Republic of the Congo,Africa,Middle Africa,location,National,Dietary needs,0.15,41.19,29.51,8.79,0.16,0.01,0.01,0.35,6.47,3.35,0.07,96.49,0,33.11,37.75
COD,Democratic Republic of the Congo,Africa,Middle Africa,location,Regional,Dietary needs,0.31,89.42,64.68,28.01,2.36,0.03,0.03,0.85,10.17,3.1,0.06,88.37,0,129.82,31.1
COG,Congo,Africa,Middle Africa,location,National,Dietary needs,0.2,85.93,32.98,13.13,0.1,0.03,0.03,0.86,5.38,3.35,0.09,91.45,0,73.32,34.14
COG,Congo,Africa,Middle Africa,location,Regional,Dietary needs,0.31,89.42,64.68,28.01,2.36,0.03,0.03,0.85,10.17,3.1,0.06,88.37,0,129.82,31.1
COL,Colombia,Latin America and the Caribbean,South America,location,National,Dietary needs,0.45,125.39,46.39,88.52,0.09,0.08,0.06,1.58,27.36,4.18,0.09,285.13,0,90.6,159.11
COL,Colombia,Latin America and the Caribbean,South America,location,Regional,Dietary needs,0.51,145.12,53.74,78.76,0.98,0.09,0.08,3.65,39.86,3.67,0.08,204.37,0.01,109.36,123.31
COM,Comoros,Africa,Eastern Africa,location,National,Dietary needs,0.17,44.55,52.29,17.17,0.56,0.03,0.01,0.48,6.93,2.6,0.18,96.23,0,47.98,27.96
COM,Comoros,Africa,Eastern Africa,location,Regional,Dietary needs,0.31,89.42,64.68,28.01,2.36,0.03,0.03,0.85,10.17,3.1,0.06,88.37,0,129.82,31.1
CPV,Cabo Verde,Africa,Western Africa,location,National,Dietary needs,0.54,102.78,51,112.8,3.82,0.05,0.12,1.22,25.71,2.7,0.08,96.29,0,129.69,21.36
CPV,Cabo Verde,Africa,Western Africa,location,Regional,Dietary needs,0.31,89.42,64.68,28.01,2.36,0.03,0.03,0.85,10.17,3.1,0.06,88.37,0,129.82,31.1
CRI,Costa Rica,Latin America and the Caribbean,Central America,location,National,Dietary needs,0.59,160.42,66.2,87.1,0.8,0.07,0.08,1.68,22.52,3.62,0.09,314.82,0.01,89.51,155.8
CRI,Costa Rica,Latin America and the Caribbean,Central America,location,Regional,Dietary needs,0.51,145.12,53.74,78.76,0.98,0.09,0.08,3.65,39.86,3.67,0.08,204.37,0.01,109.36,123.31
CUB,Cuba,Latin America and the Caribbean,Caribbean,location,National,Dietary needs,0.53,192.07,104.5,85.46,0.6,0.05,0.06,1.2,20.69,3.09,0.06,199.81,0,217.79,90.72
CUB,Cuba,Latin America and the Caribbean,Caribbean,location,Regional,Dietary needs,0.51,145.12,53.74,78.76,0.98,0.09,0.08,3.65,39.86,3.67,0.08,204.37,0.01,109.36,123.31
CYP,Cyprus,Asia,Western Asia,location,National,Dietary needs,0.6,102.13,20.07,82.03,3.34,0.06,0.09,2.14,36.64,4.2,0.11,95.79,0,170.91,33.82
CYP,Cyprus,Asia,Western Asia,location,Regional,Dietary needs,0.38,100.68,48.24,36.09,2.18,0.12,0.05,1.55,22.37,5.21,0.07,84.22,0,225.45,61.09
CZE,Czechia,Europe,Eastern Europe,location,National,Dietary needs,0.73,85.68,17.29,118.94,1.9,0.07,0.03,4.84,45.64,4.62,0.09,97.67,0,127.59,18.58
CZE,Czechia,Europe,Eastern Europe,location,Regional,Dietary needs,0.75,100.7,14.28,132.75,2.98,0.07,0.05,7.26,41.63,3.93,0.09,98.03,0,181.38,25.29
DEU,Germany,Europe,Western Europe,location,National,Dietary needs,0.86,95.87,6.52,161.28,4.22,0.06,0.06,11.11,47.24,3.84,0.09,104.84,0.01,130.2,28.11
DEU,Germany,Europe,Western Europe,location,Regional,Dietary needs,0.75,100.7,14.28,132.75,2.98,0.07,0.05,7.26,41.63,3.93,0.09,98.03,0,181.38,25.29
DJI,Djibouti,Africa,Eastern Africa,location,National,Dietary needs,0.31,24.82,36.31,38.17,1.02,0.02,0.05,0.85,13.88,2.59,0.11,107.25,0,97.76,21.32
DJI,Djibouti,Africa,Eastern Africa,location,Regional,Dietary needs,0.31,89.42,64.68,28.01,2.36,0.03,0.03,0.85,10.17,3.1,0.06,88.37,0,129.82,31.1
DMA,Dominica,Latin America and the Caribbean,Caribbean,location,National,Dietary needs,0.46,127.38,38.66,55.11,0.76,0.07,0.07,1.18,17.34,3.1,0.08,185.33,0,102.64,78.7
DMA,Dominica,Latin America and the Caribbean,Caribbean,location,Regional,Dietary needs,0.51,145.12,53.74,78.76,0.98,0.09,0.08,3.65,39.86,3.67,0.08,204.37,0.01,109.36,123.31
DNK,Denmark,Europe,Northern Europe,location,National,Dietary needs,0.9,165.7,5.51,190.84,3.5,0.11,0.04,8.46,47.98,3.42,0.11,107.2,0,175.58,42.93
DNK,Denmark,Europe,Northern Europe,location,Regional,Dietary needs,0.75,100.7,14.28,132.75,2.98,0.07,0.05,7.26,41.63,3.93,0.09,98.03,0,181.38,25.29
DOM,Dominican Republic,Latin America and the Caribbean,Caribbean,location,National,Dietary needs,0.38,266.25,53.04,36.78,0.12,0.08,0.14,1.34,17.86,3.1,0.1,168.39,0,94.9,91.51
DOM,Dominican Republic,Latin America and the Caribbean,Caribbean,location,Regional,Dietary needs,0.51,145.12,53.74,78.76,0.98,0.09,0.08,3.65,39.86,3.67,0.08,204.37,0.01,109.36,123.31
DZA,Algeria,Africa,Northern Africa,location,National,Dietary needs,0.6,111.71,36.61,105.39,1.76,0.03,0.06,0.85,10.83,4.23,0.05,96.57,0,245.4,39.25
DZA,Algeria,Africa,Northern Africa,location,Regional,Dietary needs,0.31,89.42,64.68,28.01,2.36,0.03,0.03,0.85,10.17,3.1,0.06,88.37,0,129.82,31.1
ECU,Ecuador,Latin America and the Caribbean,South America,location,National,Dietary needs,0.43,221.83,17.3,77.36,0.23,0.07,0.1,1.02,26.89,3.82,0.13,89.51,0.01,50.59,96.45
ECU,Ecuador,Latin America and the Caribbean,South America,location,Regional,Dietary needs,0.51,145.12,53.74,78.76,0.98,0.09,0.08,3.65,39.86,3.67,0.08,204.37,0.01,109.36,123.31
EGY,Egypt,Africa,Northern Africa,location,National,Dietary needs,0.46,155.93,59.98,15.96,1.67,0.06,0.03,1.15,12.79,4.23,0.03,98.55,0.02,377.16,51.16
EGY,Egypt,Africa,Northern Africa,location,Regional,Dietary needs,0.31,89.42,64.68,28.01,2.36,0.03,0.03,0.85,10.17,3.1,0.06,88.37,0,129.82,31.1
ERI,Eritrea,Africa,Eastern Africa,location,National,Dietary needs,0.22,40.07,49.98,15.22,0.42,0.01,0.02,0.41,6.31,2.61,0.07,95.93,0,43.44,23.96
ERI,Eritrea,Africa,Eastern Africa,location,Regional,Dietary needs,0.31,89.42,64.68,28.01,2.36,0.03,0.03,0.85,10.17,3.1,0.06,88.37,0,129.82,31.1
ESP,Spain,Europe,Southern Europe,location,National,Dietary needs,0.6,170.58,30.44,156.4,3.71,0.08,0.06,7.8,43.22,4,0.09,88.93,0,168.86,64.4
ESP,Spain,Europe,Southern Europe,location,Regional,Dietary needs,0.75,100.7,14.28,132.75,2.98,0.07,0.05,7.26,41.63,3.93,0.09,98.03,0,181.38,25.29
EST,Estonia,Europe,Northern Europe,location,National,Dietary needs,0.96,86.85,21.45,131.02,2.13,0.07,0.03,9.2,36,4,0.08,94.26,0.01,175.52,19.12
EST,Estonia,Europe,Northern Europe,location,Regional,Dietary needs,0.75,100.7,14.28,132.75,2.98,0.07,0.05,7.26,41.63,3.93,0.09,98.03,0,181.38,25.29
ETH,Ethiopia,Africa,Eastern Africa,location,National,Dietary needs,0.25,11.44,82.85,29.71,1.07,0.01,0.03,0.47,6.02,2.6,0.06,77.51,0,35.24,40.52
ETH,Ethiopia,Africa,Eastern Africa,location,Regional,Dietary needs,0.31,89.42,64.68,28.01,2.36,0.03,0.03,0.85,10.17,3.1,0.06,88.37,0,129.82,31.1
FIN,Finland,Europe,Northern Europe,location,National,Dietary needs,1.05,101.26,10.41,251.44,1.16,0.08,0.02,6.64,40.83,3.84,0.11,96.41,0,131,23.06
FIN,Finland,Europe,Northern Europe,location,Regional,Dietary needs,0.75,100.7,14.28,132.75,2.98,0.07,0.05,7.26,41.63,3.93,0.09,98.03,0,181.38,25.29
FJI,Fiji,Oceania,Melanesia,location,National,Dietary needs,0.32,51.45,46.46,35.51,0.02,0.06,0.07,1.26,19.71,2.58,0.15,103.7,0,71.71,15.33
FJI,Fiji,Oceania,Melanesia,location,Regional,Dietary needs,0.61,97,18.28,171.73,4.67,0.09,0.03,4.47,56.52,2.93,0.12,67.97,0.01,125.79,23.49
FRA,France,Europe,Western Europe,location,National,Dietary needs,0.78,85.06,10.62,137.32,3.1,0.08,0.06,7.59,49.53,3.74,0.11,99.35,0,116.44,17.64
FRA,France,Europe,Western Europe,location,Regional,Dietary needs,0.75,100.7,14.28,132.75,2.98,0.07,0.05,7.26,41.63,3.93,0.09,98.03,0,181.38,25.29
FSM,Micronesia (Federated States of),Oceania,Micronesia,location,National,Dietary needs,0.24,73.75,16.09,16.33,0.02,0.03,0.02,0.64,14.89,2.59,0.15,96.85,0,59.67,17.14
FSM,Micronesia (Federated States of),Oceania,Micronesia,location,Regional,Dietary needs,0.61,97,18.28,171.73,4.67,0.09,0.03,4.47,56.52,2.93,0.12,67.97,0.01,125.79,23.49
GAB,Gabon,Africa,Middle Africa,location,National,Dietary needs,0.3,202.85,44.34,26.84,3.81,0.06,0.02,1.62,14.96,3.35,0.05,89.04,0,84.68,23.65
GAB,Gabon,Africa,Middle Africa,location,Regional,Dietary needs,0.31,89.42,64.68,28.01,2.36,0.03,0.03,0.85,10.17,3.1,0.06,88.37,0,129.82,31.1
GBR,United Kingdom of Great Britain and Northern Ireland,Europe,Northern Europe,location,National,Dietary needs,0.77,84.87,15.01,169.56,3.49,0.08,0.05,11.11,31.37,2.87,0.09,67.35,0.01,142.53,32.86
GBR,United Kingdom of Great Britain and Northern Ireland,Europe,Northern Europe,location,Regional,Dietary needs,0.75,100.7,14.28,132.75,2.98,0.07,0.05,7.26,41.63,3.93,0.09,98.03,0,181.38,25.29
GEO,Georgia,Asia,Western Asia,location,National,Dietary needs,0.61,61.81,1.96,36.92,3.25,0.04,0.04,1.39,16.95,4.75,0.06,94.11,0.01,135.07,21.16
GEO,Georgia,Asia,Western Asia,location,Regional,Dietary needs,0.38,100.68,48.24,36.09,2.18,0.12,0.05,1.55,22.37,5.21,0.07,84.22,0,225.45,61.09
GHA,Ghana,Africa,Western Africa,location,National,Dietary needs,0.34,244.82,38.79,8.54,1.3,0.03,0.01,1.01,4.43,2.48,0.05,86.67,0,74.83,32.63
GHA,Ghana,Africa,Western Africa,location,Regional,Dietary needs,0.31,89.42,64.68,28.01,2.36,0.03,0.03,0.85,10.17,3.1,0.06,88.37,0,129.82,31.1
GIN,Guinea,Africa,Western Africa,location,National,Dietary needs,0.22,126.19,42.19,13.3,0.14,0.01,0.01,0.63,5.99,2.7,0.08,89.82,0,98.87,26.21
GIN,Guinea,Africa,Western Africa,location,Regional,Dietary needs,0.31,89.42,64.68,28.01,2.36,0.03,0.03,0.85,10.17,3.1,0.06,88.37,0,129.82,31.1
GMB,Gambia,Africa,Western Africa,location,National,Dietary needs,0.26,12.72,32.06,31.58,1.56,0.01,0.04,0.67,4.1,2.7,0.08,98.46,0,65.96,28.53
GMB,Gambia,Africa,Western Africa,location,Regional,Dietary needs,0.31,89.42,64.68,28.01,2.36,0.03,0.03,0.85,10.17,3.1,0.06,88.37,0,129.82,31.1
GNB,Guinea-Bissau,Africa,Western Africa,location,National,Dietary needs,0.16,69.98,22.47,15.01,1.48,0.01,0.05,0.62,13.24,2.7,0.11,87.75,0,39.05,25.84
GNB,Guinea-Bissau,Africa,Western Africa,location,Regional,Dietary needs,0.31,89.42,64.68,28.01,2.36,0.03,0.03,0.85,10.17,3.1,0.06,88.37,0,129.82,31.1
GNQ,Equatorial Guinea,Africa,Middle Africa,location,National,Dietary needs,0.5,203.99,62.58,38.16,7.57,0.11,0.03,2.91,23.71,3.35,0.07,96.76,0,159.96,21.53
GNQ,Equatorial Guinea,Africa,Middle Africa,location,Regional,Dietary needs,0.31,89.42,64.68,28.01,2.36,0.03,0.03,0.85,10.17,3.1,0.06,88.37,0,129.82,31.1
GRC,Greece,Europe,Southern Europe,location,National,Dietary needs,0.83,171.4,20.87,113.91,5.04,0.05,0.04,3.18,47.19,4.19,0.1,90.98,0,249.67,34.16
GRC,Greece,Europe,Southern Europe,location,Regional,Dietary needs,0.75,100.7,14.28,132.75,2.98,0.07,0.05,7.26,41.63,3.93,0.09,98.03,0,181.38,25.29
GRD,Grenada,Latin America and the Caribbean,Caribbean,location,National,Dietary needs,0.35,107.98,27.49,52.53,0.61,0.08,0.09,1.2,15.44,3.1,0.1,188.72,0,83.37,92.57
GRD,Grenada,Latin America and the Caribbean,Caribbean,location,Regional,Dietary needs,0.51,145.12,53.74,78.76,0.98,0.09,0.08,3.65,39.86,3.67,0.08,204.37,0.01,109.36,123.31
GTM,Guatemala,Latin America and the Caribbean,Central America,location,National,Dietary needs,0.32,87.78,70.76,44.6,2.84,0.05,0.07,0.91,9.66,2.31,0.06,320.73,0,109.41,174.28
GTM,Guatemala,Latin America and the Caribbean,Central America,location,Regional,Dietary needs,0.51,145.12,53.74,78.76,0.98,0.09,0.08,3.65,39.86,3.67,0.08,204.37,0.01,109.36,123.31
GUY,Guyana,Latin America and the Caribbean,South America,location,National,Dietary needs,0.5,71.6,44.29,97.06,0.82,0.07,0.03,0.83,5.78,3.09,0.09,186.6,0,115.68,101.67
GUY,Guyana,Latin America and the Caribbean,South America,location,Regional,Dietary needs,0.51,145.12,53.74,78.76,0.98,0.09,0.08,3.65,39.86,3.67,0.08,204.37,0.01,109.36,123.31
HND,Honduras,Latin America and the Caribbean,Central America,location,National,Dietary needs,0.4,97.49,47.66,86.36,0.39,0.05,0.03,0.78,11.95,3.62,0.09,310.18,0.01,90.6,188.78
HND,Honduras,Latin America and the Caribbean,Central America,location,Regional,Dietary needs,0.51,145.12,53.74,78.76,0.98,0.09,0.08,3.65,39.86,3.67,0.08,204.37,0.01,109.36,123.31
HRV,Croatia,Europe,Southern Europe,location,National,Dietary needs,0.73,107.99,10.05,155.09,2.72,0.03,0.08,0.62,33.35,4.59,0.09,109.31,0,147.33,19.23
HRV,Croatia,Europe,Southern Europe,location,Regional,Dietary needs,0.75,100.7,14.28,132.75,2.98,0.07,0.05,7.26,41.63,3.93,0.09,98.03,0,181.38,25.29
HTI,Haiti,Latin America and the Caribbean,Caribbean,location,National,Dietary needs,0.21,88.94,97.81,14.94,0.32,0.02,0.12,0.44,8.01,3.07,0.08,149.11,0,39.15,125.53
HTI,Haiti,Latin America and the Caribbean,Caribbean,location,Regional,Dietary needs,0.51,145.12,53.74,78.76,0.98,0.09,0.08,3.65,39.86,3.67,0.08,204.37,0.01,109.36,123.31
HUN,Hungary,Europe,Eastern Europe,location,National,Dietary needs,0.54,77.76,23.71,126.21,0.57,0.07,0.05,5.07,41.83,4.7,0.1,88.1,0.01,268.8,18.89
HUN,Hungary,Europe,Eastern Europe,location,Regional,Dietary needs,0.75,100.7,14.28,132.75,2.98,0.07,0.05,7.26,41.63,3.93,0.09,98.03,0,181.38,25.29
IDN,Indonesia,Asia,South-eastern Asia,location,National,Dietary needs,0.19,98.68,22.61,5.01,0.83,0.03,0.03,0.32,7.74,2.89,0.09,82.15,0,94.54,18.57
IDN,Indonesia,Asia,South-eastern Asia,location,Regional,Dietary needs,0.38,100.68,48.24,36.09,2.18,0.12,0.05,1.55,22.37,5.21,0.07,84.22,0,225.45,61.09
IND,India,Asia,Southern Asia,location,National,Dietary needs,0.32,82.41,109.21,53.42,2.05,0.01,0.03,0.97,3.04,4.08,0.06,97.76,0.01,205.15,133.35
IND,India,Asia,Southern Asia,location,Regional,Dietary needs,0.38,100.68,48.24,36.09,2.18,0.12,0.05,1.55,22.37,5.21,0.07,84.22,0,225.45,61.09
IRL,Ireland,Europe,Northern Europe,location,National,Dietary needs,0.87,115.68,12.74,212.55,1.28,0.09,0.04,5.54,62.92,4.2,0.09,101.1,0,142.47,26.77
IRL,Ireland,Europe,Northern Europe,location,Regional,Dietary needs,0.75,100.7,14.28,132.75,2.98,0.07,0.05,7.26,41.63,3.93,0.09,98.03,0,181.38,25.29
IRN,Iran (Islamic Republic of),Asia,Southern Asia,location,National,Dietary needs,0.38,192.84,42.94,53.06,8.65,0.05,0.08,0.88,8.99,4.23,0.05,99.41,0.01,368.83,37.8
IRN,Iran (Islamic Republic of),Asia,Southern Asia,location,Regional,Dietary needs,0.38,100.68,48.24,36.09,2.18,0.12,0.05,1.55,22.37,5.21,0.07,84.22,0,225.45,61.09
IRQ,Iraq,Asia,Western Asia,location,National,Dietary needs,0.25,59.8,22.72,29.97,0.84,0.03,0.07,0.71,4.52,4.23,0.06,89.83,0,290.44,39.25
IRQ,Iraq,Asia,Western Asia,location,Regional,Dietary needs,0.38,100.68,48.24,36.09,2.18,0.12,0.05,1.55,22.37,5.21,0.07,84.22,0,225.45,61.09
ISL,Iceland,Europe,Northern Europe,location,National,Dietary needs,1.03,142.86,3.58,208.22,1.59,0.1,0.06,8.68,44.86,3.42,0.14,105.75,0,113.31,22.23
ISL,Iceland,Europe,Northern Europe,location,Regional,Dietary needs,0.75,100.7,14.28,132.75,2.98,0.07,0.05,7.26,41.63,3.93,0.09,98.03,0,181.38,25.29
ISR,Israel,Asia,Western Asia,location,National,Dietary needs,0.83,175.85,35.11,117.12,8.25,0.13,0.08,3.54,30.42,4.19,0.08,92.76,0,356.24,33.51
ISR,Israel,Asia,Western Asia,location,Regional,Dietary needs,0.38,100.68,48.24,36.09,2.18,0.12,0.05,1.55,22.37,5.21,0.07,84.22,0,225.45,61.09
ITA,Italy,Europe,Southern Europe,location,National,Dietary needs,0.77,152.46,24.09,147.74,3.25,0.06,0.06,6.1,42,4.1,0.09,94.12,0,158.42,12.68
ITA,Italy,Europe,Southern Europe,location,Regional,Dietary needs,0.75,100.7,14.28,132.75,2.98,0.07,0.05,7.26,41.63,3.93,0.09,98.03,0,181.38,25.29
JAM,Jamaica,Latin America and the Caribbean,Caribbean,location,National,Dietary needs,0.5,140.55,22.39,75.54,0.38,0.09,0.07,1.01,9.32,3.09,0.1,190.61,0,139.79,96.92
JAM,Jamaica,Latin America and the Caribbean,Caribbean,location,Regional,Dietary needs,0.51,145.12,53.74,78.76,0.98,0.09,0.08,3.65,39.86,3.67,0.08,204.37,0.01,109.36,123.31
JOR,Jordan,Asia,Western Asia,location,National,Dietary needs,0.43,77.97,43.74,70.98,3.17,0.07,0.08,0.79,12.34,4.23,0.07,109.87,0,225.87,40.71
JOR,Jordan,Asia,Western Asia,location,Regional,Dietary needs,0.38,100.68,48.24,36.09,2.18,0.12,0.05,1.55,22.37,5.21,0.07,84.22,0,225.45,61.09
JPN,Japan,Asia,Eastern Asia,location,National,Dietary needs,0.48,76.69,53.38,65.02,1.93,2.08,0.07,12.67,25.41,5.91,0.07,29.02,0,288.57,32.57
JPN,Japan,Asia,Eastern Asia,location,Regional,Dietary needs,0.38,100.68,48.24,36.09,2.18,0.12,0.05,1.55,22.37,5.21,0.07,84.22,0,225.45,61.09
KAZ,Kazakhstan,Asia,Central Asia,location,National,Dietary needs,0.96,56.09,3.26,100.45,2.37,0.08,0.05,3.58,43.53,4.74,0.09,93.2,0,357.83,19.07
KAZ,Kazakhstan,Asia,Central Asia,location,Regional,Dietary needs,0.38,100.68,48.24,36.09,2.18,0.12,0.05,1.55,22.37,5.21,0.07,84.22,0,225.45,61.09
KEN,Kenya,Africa,Eastern Africa,location,National,Dietary needs,0.41,71.49,72.49,23.71,1.03,0.03,0.03,0.76,10.67,2.38,0.07,94.88,0,82.37,36.06
KEN,Kenya,Africa,Eastern Africa,location,Regional,Dietary needs,0.31,89.42,64.68,28.01,2.36,0.03,0.03,0.85,10.17,3.1,0.06,88.37,0,129.82,31.1
KGZ,Kyrgyzstan,Asia,Central Asia,location,National,Dietary needs,0.74,45.53,14.06,159.36,1.67,0.03,0.03,1.16,26.36,4.77,0.08,104.13,0,269.9,23.99
KGZ,Kyrgyzstan,Asia,Central Asia,location,Regional,Dietary needs,0.38,100.68,48.24,36.09,2.18,0.12,0.05,1.55,22.37,5.21,0.07,84.22,0,225.45,61.09
KHM,Cambodia,Asia,South-eastern Asia,location,National,Dietary needs,0.17,41.16,41.51,4.81,2.33,0.02,0.02,0.47,12.42,2.9,0.05,82.75,0,73.22,21.28
KHM,Cambodia,Asia,South-eastern Asia,location,Regional,Dietary needs,0.38,100.68,48.24,36.09,2.18,0.12,0.05,1.55,22.37,5.21,0.07,84.22,0,225.45,61.09
KIR,Kiribati,Oceania,Micronesia,location,National,Dietary needs,0.24,55.56,28.4,15.3,0.03,0.02,0.02,0.42,12.27,2.59,0.11,107.71,0,62.58,18.57
KIR,Kiribati,Oceania,Micronesia,location,Regional,Dietary needs,0.61,97,18.28,171.73,4.67,0.09,0.03,4.47,56.52,2.93,0.12,67.97,0.01,125.79,23.49
KNA,Saint Kitts and Nevis,Latin America and the Caribbean,Caribbean,,,Dietary needs,,,,,,,,,,,,,,,
KOR,Republic of Korea,Asia,Eastern Asia,location,National,Dietary needs,0.52,140.08,14.12,53.6,2.35,0.06,0.09,3.13,39.44,4.96,0.06,31.79,0.01,169.41,20.42
KOR,Republic of Korea,Asia,Eastern Asia,location,Regional,Dietary needs,0.38,100.68,48.24,36.09,2.18,0.12,0.05,1.55,22.37,5.21,0.07,84.22,0,225.45,61.09
KWT,Kuwait,Asia,Western Asia,location,National,Dietary needs,0.69,96.76,34.27,113.59,4.26,0.13,0.08,2.64,22.71,3.78,0.09,99.39,0,300.46,29.51
KWT,Kuwait,Asia,Western Asia,location,Regional,Dietary needs,0.38,100.68,48.24,36.09,2.18,0.12,0.05,1.55,22.37,5.21,0.07,84.22,0,225.45,61.09
LAO,Lao People's Democratic Republic,Asia,South-eastern Asia,location,National,Dietary needs,0.2,90.76,31.02,3.64,1.34,0.04,0.01,0.62,15.44,2.89,0.03,77.67,0,215.96,19.99
LAO,Lao People's Democratic Republic,Asia,South-eastern Asia,location,Regional,Dietary needs,0.38,100.68,48.24,36.09,2.18,0.12,0.05,1.55,22.37,5.21,0.07,84.22,0,225.45,61.09
LBN,Lebanon,Asia,Western Asia,location,National,Dietary needs,0.57,145.95,46.06,87.38,12.69,0.07,0.09,1.13,20.18,4.22,0.07,110.98,0,337.01,35.04
LBN,Lebanon,Asia,Western Asia,location,Regional,Dietary needs,0.38,100.68,48.24,36.09,2.18,0.12,0.05,1.55,22.37,5.21,0.07,84.22,0,225.45,61.09
LBR,Liberia,Africa,Western Africa,location,National,Dietary needs,0.14,65.47,20.97,3.39,0.9,0.02,0.02,0.45,4.16,2.7,0.12,83.52,0,58.66,27.94
LBR,Liberia,Africa,Western Africa,location,Regional,Dietary needs,0.31,89.42,64.68,28.01,2.36,0.03,0.03,0.85,10.17,3.1,0.06,88.37,0,129.82,31.1
LBY,Libya,Africa,Northern Africa,location,National,Dietary needs,0.49,110.78,38.69,81.49,3,0.04,0.12,0.97,13.39,4.22,0.06,105.36,0,227.45,38.23
LBY,Libya,Africa,Northern Africa,location,Regional,Dietary needs,0.31,89.42,64.68,28.01,2.36,0.03,0.03,0.85,10.17,3.1,0.06,88.37,0,129.82,31.1
LCA,Saint Lucia,Latin America and the Caribbean,Caribbean,location,National,Dietary needs,0.38,110.98,30.57,52.77,0.62,0.07,0.09,1.22,15.61,3.09,0.09,211.36,0,86.84,95.4
LCA,Saint Lucia,Latin America and the Caribbean,Caribbean,location,Regional,Dietary needs,0.51,145.12,53.74,78.76,0.98,0.09,0.08,3.65,39.86,3.67,0.08,204.37,0.01,109.36,123.31
LIE,Liechtenstein,Europe,Western Europe,,,Dietary needs,,,,,,,,,,,,,,,
LKA,Sri Lanka,Asia,Southern Asia,location,National,Dietary needs,0.29,54.1,43.6,34.13,1.41,0.03,0.01,0.82,1.78,2.9,0.11,101.5,0,79.52,38.41
LKA,Sri Lanka,Asia,Southern Asia,location,Regional,Dietary needs,0.38,100.68,48.24,36.09,2.18,0.12,0.05,1.55,22.37,5.21,0.07,84.22,0,225.45,61.09
LSO,Lesotho,Africa,Southern Africa,location,National,Dietary needs,0.18,25.56,41.33,17.33,0.3,0.02,0.02,0.66,10.77,3.12,0.04,90.8,0,41.96,17.03
LSO,Lesotho,Africa,Southern Africa,location,Regional,Dietary needs,0.31,89.42,64.68,28.01,2.36,0.03,0.03,0.85,10.17,3.1,0.06,88.37,0,129.82,31.1
LTU,Lithuania,Europe,Northern Europe,location,National,Dietary needs,0.81,77.57,26.66,119.79,1.54,0.09,0.04,9.53,40.41,3.99,0.07,101.48,0.01,185.85,18.93
LTU,Lithuania,Europe,Northern Europe,location,Regional,Dietary needs,0.75,100.7,14.28,132.75,2.98,0.07,0.05,7.26,41.63,3.93,0.09,98.03,0,181.38,25.29
LUX,Luxembourg,Europe,Western Europe,location,National,Dietary needs,1.03,192.47,2.79,104.94,5.7,0.1,0.04,9.02,53.03,4.2,0.09,92.89,0,160.04,30.51
LUX,Luxembourg,Europe,Western Europe,location,Regional,Dietary needs,0.75,100.7,14.28,132.75,2.98,0.07,0.05,7.26,41.63,3.93,0.09,98.03,0,181.38,25.29
LVA,Latvia,Europe,Northern Europe,location,National,Dietary needs,0.82,62.87,3.66,141.11,2.02,0.12,0.06,8.62,32.69,3.99,0.11,107.09,0.02,191.84,19.21
LVA,Latvia,Europe,Northern Europe,location,Regional,Dietary needs,0.75,100.7,14.28,132.75,2.98,0.07,0.05,7.26,41.63,3.93,0.09,98.03,0,181.38,25.29
MAR,Morocco,Africa,Northern Africa,location,National,Dietary needs,0.4,186,51.93,53.19,3.25,0.05,0.05,0.68,13.03,4.22,0.04,105.14,0,239.94,44.61
MAR,Morocco,Africa,Northern Africa,location,Regional,Dietary needs,0.31,89.42,64.68,28.01,2.36,0.03,0.03,0.85,10.17,3.1,0.06,88.37,0,129.82,31.1
MCO,Monaco,Europe,Western Europe,,,Dietary needs,,,,,,,,,,,,,,,
MDA,Republic of Moldova,Europe,Eastern Europe,location,National,Dietary needs,0.57,55.93,7.9,137.36,1.4,0.04,0.05,2.11,17.12,4.01,0.08,95.55,0,182.81,23.22
MDA,Republic of Moldova,Europe,Eastern Europe,location,Regional,Dietary needs,0.75,100.7,14.28,132.75,2.98,0.07,0.05,7.26,41.63,3.93,0.09,98.03,0,181.38,25.29
MDG,Madagascar,Africa,Eastern Africa,location,National,Dietary needs,0.22,59.93,23.8,20.52,0.25,0.02,0.03,0.47,9.45,2.6,0.05,85.21,0,34.3,23.36
MDG,Madagascar,Africa,Eastern Africa,location,Regional,Dietary needs,0.31,89.42,64.68,28.01,2.36,0.03,0.03,0.85,10.17,3.1,0.06,88.37,0,129.82,31.1
MDV,Maldives,Asia,Southern Asia,location,National,Dietary needs,0.5,133.77,16.91,72.32,12.07,0.05,0.03,1.1,6.98,2.86,0.1,112.04,0,147.4,17.74
MDV,Maldives,Asia,Southern Asia,location,Regional,Dietary needs,0.38,100.68,48.24,36.09,2.18,0.12,0.05,1.55,22.37,5.21,0.07,84.22,0,225.45,61.09
MEX,Mexico,Latin America and the Caribbean,Central America,location,National,Dietary needs,0.52,138.11,56.15,92.72,1.34,0.08,0.06,7.58,33.9,3.47,0.07,283.49,0.01,125.17,183.11
MEX,Mexico,Latin America and the Caribbean,Central America,location,Regional,Dietary needs,0.51,145.12,53.74,78.76,0.98,0.09,0.08,3.65,39.86,3.67,0.08,204.37,0.01,109.36,123.31
MHL,Marshall Islands,Oceania,Micronesia,location,National,Dietary needs,0.25,78.87,16.33,16.85,0.02,0.03,0.03,0.68,15.77,2.59,0.15,97.44,0,63.88,16.86
MHL,Marshall Islands,Oceania,Micronesia,location,Regional,Dietary needs,0.61,97,18.28,171.73,4.67,0.09,0.03,4.47,56.52,2.93,0.12,67.97,0.01,125.79,23.49
MKD,North Macedonia,Europe,Southern Europe,location,National,Dietary needs,0.69,127.55,38.55,127.67,3.74,0.05,0.05,4.45,20.66,4.64,0.08,103.5,0,314.91,20.41
MKD,North Macedonia,Europe,Southern Europe,location,Regional,Dietary needs,0.75,100.7,14.28,132.75,2.98,0.07,0.05,7.26,41.63,3.93,0.09,98.03,0,181.38,25.29
MLI,Mali,Africa,Western Africa,location,National,Dietary needs,0.47,45.44,60.26,93.29,1.12,0.02,0,1.05,17.88,2.7,0.07,73.14,0,118.04,27.62
MLI,Mali,Africa,Western Africa,location,Regional,Dietary needs,0.31,89.42,64.68,28.01,2.36,0.03,0.03,0.85,10.17,3.1,0.06,88.37,0,129.82,31.1
MLT,Malta,Europe,Southern Europe,location,National,Dietary needs,0.74,102.96,27.07,77.6,3.15,0.08,0.06,6.2,40.03,4.03,0.08,112.75,0,273.98,33.72
MLT,Malta,Europe,Southern Europe,location,Regional,Dietary needs,0.75,100.7,14.28,132.75,2.98,0.07,0.05,7.26,41.63,3.93,0.09,98.03,0,181.38,25.29
MMR,Myanmar,Asia,South-eastern Asia,location,National,Dietary needs,0.25,58.03,80.54,26.97,4.42,0.05,0.02,0.55,12.55,2.9,0.07,90.28,0,160.73,20.35
MMR,Myanmar,Asia,South-eastern Asia,location,Regional,Dietary needs,0.38,100.68,48.24,36.09,2.18,0.12,0.05,1.55,22.37,5.21,0.07,84.22,0,225.45,61.09
MNE,Montenegro,Europe,Southern Europe,location,National,Dietary needs,0.67,164.11,24.68,285.34,2.34,0.05,0.04,2.57,43.53,4.62,0.08,97.69,0,413.81,20.01
MNE,Montenegro,Europe,Southern Europe,location,Regional,Dietary needs,0.75,100.7,14.28,132.75,2.98,0.07,0.05,7.26,41.63,3.93,0.09,98.03,0,181.38,25.29
MNG,Mongolia,Asia,Eastern Asia,location,National,Dietary needs,0.58,40.81,2.91,129.79,2.28,0.03,0.04,6.49,62.59,4.77,0.15,88.67,0,94.93,20.78
MNG,Mongolia,Asia,Eastern Asia,location,Regional,Dietary needs,0.38,100.68,48.24,36.09,2.18,0.12,0.05,1.55,22.37,5.21,0.07,84.22,0,225.45,61.09
MOZ,Mozambique,Africa,Eastern Africa,location,National,Dietary needs,0.17,35.18,68.36,4.56,2.32,0.01,0.06,0.36,6.6,2.62,0.06,84.65,0,33.17,23.91
MOZ,Mozambique,Africa,Eastern Africa,location,Regional,Dietary needs,0.31,89.42,64.68,28.01,2.36,0.03,0.03,0.85,10.17,3.1,0.06,88.37,0,129.82,31.1
MRT,Mauritania,Africa,Western Africa,location,National,Dietary needs,0.6,21.64,66.14,121.52,2.29,0.02,0.08,1.44,17.93,2.69,0.1,103.27,0,42.91,22.76
MRT,Mauritania,Africa,Western Africa,location,Regional,Dietary needs,0.31,89.42,64.68,28.01,2.36,0.03,0.03,0.85,10.17,3.1,0.06,88.37,0,129.82,31.1
MUS,Mauritius,Africa,Eastern Africa,location,National,Dietary needs,0.52,66.92,53.62,109.17,0.6,0.09,0.12,1.31,12.15,2.9,0.07,96.57,0,136.89,42.91
MUS,Mauritius,Africa,Eastern Africa,location,Regional,Dietary needs,0.31,89.42,64.68,28.01,2.36,0.03,0.03,0.85,10.17,3.1,0.06,88.37,0,129.82,31.1
MWI,Malawi,Africa,Eastern Africa,location,National,Dietary needs,0.17,79.46,105.96,4.06,0.15,0.01,0.02,0.37,4.87,2.61,0.03,83.94,0,43.13,24.04
MWI,Malawi,Africa,Eastern Africa,location,Regional,Dietary needs,0.31,89.42,64.68,28.01,2.36,0.03,0.03,0.85,10.17,3.1,0.06,88.37,0,129.82,31.1
MYS,Malaysia,Asia,South-eastern Asia,location,National,Dietary needs,0.29,133.07,21.96,18.08,1.83,0.09,0.05,1.56,13.02,2.89,0.11,111.08,0,107.78,10.4
MYS,Malaysia,Asia,South-eastern Asia,location,Regional,Dietary needs,0.38,100.68,48.24,36.09,2.18,0.12,0.05,1.55,22.37,5.21,0.07,84.22,0,225.45,61.09
NAM,Namibia,Africa,Southern Africa,location,National,Dietary needs,0.3,36.95,37.77,51.73,0.38,0.05,0.04,1.5,16.89,3.12,0.09,96.18,0,54.72,20.91
NAM,Namibia,Africa,Southern Africa,location,Regional,Dietary needs,0.31,89.42,64.68,28.01,2.36,0.03,0.03,0.85,10.17,3.1,0.06,88.37,0,129.82,31.1
NER,Niger,Africa,Western Africa,location,National,Dietary needs,0.4,34.76,192.16,46.54,3.64,0.01,0.01,0.64,14.84,2.7,0.06,66.51,0,92.16,27.48
NER,Niger,Africa,Western Africa,location,Regional,Dietary needs,0.31,89.42,64.68,28.01,2.36,0.03,0.03,0.85,10.17,3.1,0.06,88.37,0,129.82,31.1
NGA,Nigeria,Africa,Western Africa,location,National,Dietary needs,0.26,88.29,79.52,3.48,6.65,0.01,0.01,1.29,6.67,2.52,0.08,74.67,0,132.32,21.67
NGA,Nigeria,Africa,Western Africa,location,Regional,Dietary needs,0.31,89.42,64.68,28.01,2.36,0.03,0.03,0.85,10.17,3.1,0.06,88.37,0,129.82,31.1
NIC,Nicaragua,Latin America and the Caribbean,Central America,location,National,Dietary needs,0.36,59.93,98.14,62.62,0.16,0.04,0.07,0.75,7.16,3.62,0.07,302.04,0.01,20.9,189.23
NIC,Nicaragua,Latin America and the Caribbean,Central America,location,Regional,Dietary needs,0.51,145.12,53.74,78.76,0.98,0.09,0.08,3.65,39.86,3.67,0.08,204.37,0.01,109.36,123.31
NLD,Netherlands,Europe,Western Europe,location,National,Dietary needs,0.98,133.98,9.82,153.11,5.69,0.06,0.08,6.25,53.98,3.67,0.1,110.14,0.01,127.26,10.99
NLD,Netherlands,Europe,Western Europe,location,Regional,Dietary needs,0.75,100.7,14.28,132.75,2.98,0.07,0.05,7.26,41.63,3.93,0.09,98.03,0,181.38,25.29
NOR,Norway,Europe,Northern Europe,location,National,Dietary needs,0.97,148.74,17.28,185.09,3.45,0.08,0.08,26.19,51.94,4.45,0.09,96.23,0,105.63,56.69
NOR,Norway,Europe,Northern Europe,location,Regional,Dietary needs,0.75,100.7,14.28,132.75,2.98,0.07,0.05,7.26,41.63,3.93,0.09,98.03,0,181.38,25.29
NPL,Nepal,Asia,Southern Asia,location,National,Dietary needs,0.31,74.86,54.2,42.32,2.07,0.03,0.06,0.77,9.61,5.28,0.04,72.91,0.01,191.3,23.89
NPL,Nepal,Asia,Southern Asia,location,Regional,Dietary needs,0.38,100.68,48.24,36.09,2.18,0.12,0.05,1.55,22.37,5.21,0.07,84.22,0,225.45,61.09
NRU,Nauru,Oceania,Micronesia,,,Dietary needs,,,,,,,,,,,,,,,
NZL,New Zealand,Oceania,Australia and New Zealand,location,National,Dietary needs,0.47,113.71,17.2,200.45,3.28,0.09,0.04,5.54,63.32,3.26,0.12,61.32,0.01,133.25,55.76
NZL,New Zealand,Oceania,Australia and New Zealand,location,Regional,Dietary needs,0.61,97,18.28,171.73,4.67,0.09,0.03,4.47,56.52,2.93,0.12,67.97,0.01,125.79,23.49
OMN,Oman,Asia,Western Asia,location,National,Dietary needs,0.65,285.04,25.1,114.15,1.57,0.08,0.02,2.18,24.29,4.25,0.09,104.18,0,224.31,31.46
OMN,Oman,Asia,Western Asia,location,Regional,Dietary needs,0.38,100.68,48.24,36.09,2.18,0.12,0.05,1.55,22.37,5.21,0.07,84.22,0,225.45,61.09
PAK,Pakistan,Asia,Southern Asia,location,National,Dietary needs,0.42,44.61,33.9,70.99,0.82,0.03,0.01,1.14,10,5.26,0.09,102.57,0.01,55.21,21.97
PAK,Pakistan,Asia,Southern Asia,location,Regional,Dietary needs,0.38,100.68,48.24,36.09,2.18,0.12,0.05,1.55,22.37,5.21,0.07,84.22,0,225.45,61.09
PAN,Panama,Latin America and the Caribbean,Central America,location,National,Dietary needs,0.46,127.3,37.46,60.42,0.71,0.09,0.1,2.05,29.19,3.63,0.09,289.77,0.01,58.1,149.37
PAN,Panama,Latin America and the Caribbean,Central America,location,Regional,Dietary needs,0.51,145.12,53.74,78.76,0.98,0.09,0.08,3.65,39.86,3.67,0.08,204.37,0.01,109.36,123.31
PER,Peru,Latin America and the Caribbean,South America,location,National,Dietary needs,0.45,112.53,23.35,26.23,0.36,0.04,0.06,0.73,13.13,3.82,0.07,90.71,0.01,82.68,95.86
PER,Peru,Latin America and the Caribbean,South America,location,Regional,Dietary needs,0.51,145.12,53.74,78.76,0.98,0.09,0.08,3.65,39.86,3.67,0.08,204.37,0.01,109.36,123.31
PHL,Philippines,Asia,South-eastern Asia,location,National,Dietary needs,0.18,144.5,12.13,7.93,1.61,0.04,0.02,1.71,22.58,2.89,0.08,94.4,0,136.41,19.39
PHL,Philippines,Asia,South-eastern Asia,location,Regional,Dietary needs,0.38,100.68,48.24,36.09,2.18,0.12,0.05,1.55,22.37,5.21,0.07,84.22,0,225.45,61.09
PLW,Palau,Oceania,Micronesia,,,Dietary needs,,,,,,,,,,,,,,,
PNG,Papua New Guinea,Oceania,Melanesia,location,National,Dietary needs,0.21,66.48,14.62,13.88,0.01,0.02,0.02,0.55,13.55,2.59,0.14,97.13,0,52.89,17.65
PNG,Papua New Guinea,Oceania,Melanesia,location,Regional,Dietary needs,0.61,97,18.28,171.73,4.67,0.09,0.03,4.47,56.52,2.93,0.12,67.97,0.01,125.79,23.49
POL,Poland,Europe,Eastern Europe,location,National,Dietary needs,0.68,76.2,11.61,106.39,1.19,0.08,0.03,3.34,51.1,4.53,0.08,104.22,0,252.87,18.95
POL,Poland,Europe,Eastern Europe,location,Regional,Dietary needs,0.75,100.7,14.28,132.75,2.98,0.07,0.05,7.26,41.63,3.93,0.09,98.03,0,181.38,25.29
PRK,Democratic People's Republic of Korea,Asia,Eastern Asia,location,National,Dietary needs,0.2,63.98,66.96,3.65,0.4,0.01,0.11,0.45,6.06,4.19,0.04,80.14,0,216.24,38.99
PRK,Democratic People's Republic of Korea,Asia,Eastern Asia,location,Regional,Dietary needs,0.38,100.68,48.24,36.09,2.18,0.12,0.05,1.55,22.37,5.21,0.07,84.22,0,225.45,61.09
PRT,Portugal,Europe,Southern Europe,location,National,Dietary needs,0.72,119.52,15.12,156.34,2.53,0.07,0.05,3.03,55.52,4.12,0.08,90.25,0,234.61,33.79
PRT,Portugal,Europe,Southern Europe,location,Regional,Dietary needs,0.75,100.7,14.28,132.75,2.98,0.07,0.05,7.26,41.63,3.93,0.09,98.03,0,181.38,25.29
PRY,Paraguay,Latin America and the Caribbean,South America,location,National,Dietary needs,0.46,109.08,51.16,63.71,2.25,0.05,0.11,0.9,39.97,3.82,0.08,171.03,0,93.29,121.41
PRY,Paraguay,Latin America and the Caribbean,South America,location,Regional,Dietary needs,0.51,145.12,53.74,78.76,0.98,0.09,0.08,3.65,39.86,3.67,0.08,204.37,0.01,109.36,123.31
PSE,State of Palestine,Asia,Western Asia,location,National,Dietary needs,0.32,68.37,30.23,43.58,0.82,0.03,0.04,0.46,9.11,4.23,0.07,110.71,0,144.14,49.51
PSE,State of Palestine,Asia,Western Asia,location,Regional,Dietary needs,0.38,100.68,48.24,36.09,2.18,0.12,0.05,1.55,22.37,5.21,0.07,84.22,0,225.45,61.09
QAT,Qatar,Asia,Western Asia,location,National,Dietary needs,0.92,261.33,54.19,181.85,24.03,0.17,0.06,4.27,28.91,4.25,0.07,108.3,0,523.3,27.39
QAT,Qatar,Asia,Western Asia,location,Regional,Dietary needs,0.38,100.68,48.24,36.09,2.18,0.12,0.05,1.55,22.37,5.21,0.07,84.22,0,225.45,61.09
ROU,Romania,Europe,Eastern Europe,location,National,Dietary needs,1,93.64,10.8,93.64,1.83,0.05,0.04,5.39,49.79,4.62,0.07,89.17,0,395.78,19.58
ROU,Romania,Europe,Eastern Europe,location,Regional,Dietary needs,0.75,100.7,14.28,132.75,2.98,0.07,0.05,7.26,41.63,3.93,0.09,98.03,0,181.38,25.29
RUS,Russian Federation,Europe,Eastern Europe,location,National,Dietary needs,0.69,80.64,12.14,99.07,2.5,0.09,0.03,6.97,33.27,3.85,0.07,105.9,0,179.39,19.1
RUS,Russian Federation,Europe,Eastern Europe,location,Regional,Dietary needs,0.75,100.7,14.28,132.75,2.98,0.07,0.05,7.26,41.63,3.93,0.09,98.03,0,181.38,25.29
RWA,Rwanda,Africa,Eastern Africa,location,National,Dietary needs,0.34,222.41,161.5,15.29,0.6,0.01,0.02,0.47,4.41,2.61,0.05,83.74,0,82.74,33.22
RWA,Rwanda,Africa,Eastern Africa,location,Regional,Dietary needs,0.31,89.42,64.68,28.01,2.36,0.03,0.03,0.85,10.17,3.1,0.06,88.37,0,129.82,31.1
SAU,Saudi Arabia,Asia,Western Asia,location,National,Dietary needs,0.51,90.86,25.08,55.32,1.98,0.11,0.03,0.95,12.18,4.24,0.08,107.58,0,157.57,36.41
SAU,Saudi Arabia,Asia,Western Asia,location,Regional,Dietary needs,0.38,100.68,48.24,36.09,2.18,0.12,0.05,1.55,22.37,5.21,0.07,84.22,0,225.45,61.09
SDN,Sudan,Africa,Northern Africa,location,National,Dietary needs,0.28,58.27,36.76,39.73,0.71,0.02,0.04,0.52,8.04,4.23,0.07,96.75,0,117.06,51.05
SDN,Sudan,Africa,Northern Africa,location,Regional,Dietary needs,0.31,89.42,64.68,28.01,2.36,0.03,0.03,0.85,10.17,3.1,0.06,88.37,0,129.82,31.1
SEN,Senegal,Africa,Western Africa,location,National,Dietary needs,0.26,21.44,43.21,18.91,1.99,0.02,0.09,1,7.53,2.7,0.1,93.34,0,107.86,24.21
SEN,Senegal,Africa,Western Africa,location,Regional,Dietary needs,0.31,89.42,64.68,28.01,2.36,0.03,0.03,0.85,10.17,3.1,0.06,88.37,0,129.82,31.1
SGP,Singapore,Asia,South-eastern Asia,location,National,Dietary needs,0.67,136.92,26.33,56.86,5.07,0.11,0.06,2.35,38.09,5.5,0.08,29.94,0,217.29,24.48
SGP,Singapore,Asia,South-eastern Asia,location,Regional,Dietary needs,0.38,100.68,48.24,36.09,2.18,0.12,0.05,1.55,22.37,5.21,0.07,84.22,0,225.45,61.09
SLB,Solomon Islands,Oceania,Melanesia,location,National,Dietary needs,0.28,70.45,36.98,6.82,0.01,0.02,0.02,0.46,8.76,2.59,0.18,82.43,0,29.76,18.24
SLB,Solomon Islands,Oceania,Melanesia,location,Regional,Dietary needs,0.61,97,18.28,171.73,4.67,0.09,0.03,4.47,56.52,2.93,0.12,67.97,0.01,125.79,23.49
SLE,Sierra Leone,Africa,Western Africa,location,National,Dietary needs,0.17,56.7,79.89,5.95,2.24,0.01,0.02,0.65,3.02,2.69,0.11,67.4,0,109.25,25.54
SLE,Sierra Leone,Africa,Western Africa,location,Regional,Dietary needs,0.31,89.42,64.68,28.01,2.36,0.03,0.03,0.85,10.17,3.1,0.06,88.37,0,129.82,31.1
SLV,El Salvador,Latin America and the Caribbean,Central America,location,National,Dietary needs,0.44,96.66,71.09,89.96,0.85,0.05,0.05,1.03,10.1,3.59,0.07,304.13,0.01,113.73,171.03
SLV,El Salvador,Latin America and the Caribbean,Central America,location,Regional,Dietary needs,0.51,145.12,53.74,78.76,0.98,0.09,0.08,3.65,39.86,3.67,0.08,204.37,0.01,109.36,123.31
SMR,San Marino,Europe,Southern Europe,,,Dietary needs,,,,,,,,,,,,,,,
SOM,Somalia,Africa,Eastern Africa,location,National,Dietary needs,0.17,29.56,43.19,11.5,0.2,0.01,0.03,0.28,4.93,2.59,0.07,99.87,0,31.71,26.41
SOM,Somalia,Africa,Eastern Africa,location,Regional,Dietary needs,0.31,89.42,64.68,28.01,2.36,0.03,0.03,0.85,10.17,3.1,0.06,88.37,0,129.82,31.1
SRB,Serbia,Europe,Southern Europe,location,National,Dietary needs,0.61,97.84,43.2,87.38,2.14,0.06,0.04,1.87,30.16,4.62,0.08,96.96,0,202.41,20.32
SRB,Serbia,Europe,Southern Europe,location,Regional,Dietary needs,0.75,100.7,14.28,132.75,2.98,0.07,0.05,7.26,41.63,3.93,0.09,98.03,0,181.38,25.29
SSD,South Sudan,Africa,Eastern Africa,location,National,Dietary needs,0.3,58.52,60.99,21.29,1.15,0.02,0.03,0.7,9.25,2.6,0.07,96.44,0,67.68,21.42
SSD,South Sudan,Africa,Eastern Africa,location,Regional,Dietary needs,0.31,89.42,64.68,28.01,2.36,0.03,0.03,0.85,10.17,3.1,0.06,88.37,0,129.82,31.1
STP,Sao Tome and Principe,Africa,Middle Africa,location,National,Dietary needs,0.29,57.62,50.63,16.55,1.84,0.02,0.02,0.93,9.92,2.7,0.08,97.46,0,78.71,23.37
STP,Sao Tome and Principe,Africa,Middle Africa,location,Regional,Dietary needs,0.31,89.42,64.68,28.01,2.36,0.03,0.03,0.85,10.17,3.1,0.06,88.37,0,129.82,31.1
SUR,Suriname,Latin America and the Caribbean,South America,location,National,Dietary needs,0.34,126.96,17,48.87,0.72,0.09,0.15,1.46,14.25,3.09,0.06,190.25,0,103.06,88.88
SUR,Suriname,Latin America and the Caribbean,South America,location,Regional,Dietary needs,0.51,145.12,53.74,78.76,0.98,0.09,0.08,3.65,39.86,3.67,0.08,204.37,0.01,109.36,123.31
SVK,Slovakia,Europe,Eastern Europe,location,National,Dietary needs,0.53,94.16,14.22,95.28,2.39,0.06,0.05,5.51,46.56,4.61,0.09,111.05,0.01,197.04,18.75
SVK,Slovakia,Europe,Eastern Europe,location,Regional,Dietary needs,0.75,100.7,14.28,132.75,2.98,0.07,0.05,7.26,41.63,3.93,0.09,98.03,0,181.38,25.29
SVN,Slovenia,Europe,Southern Europe,location,National,Dietary needs,0.82,136.74,15.96,159.74,3.05,0.08,0.06,6.39,45.33,4.63,0.1,91.38,0.01,140.31,18.64
SVN,Slovenia,Europe,Southern Europe,location,Regional,Dietary needs,0.75,100.7,14.28,132.75,2.98,0.07,0.05,7.26,41.63,3.93,0.09,98.03,0,181.38,25.29
SWE,Sweden,Europe,Northern Europe,location,National,Dietary needs,0.99,132.87,12.87,174.67,3.19,0.1,0.03,15.1,46.85,4.69,0.11,105.89,0,118.9,43.71
SWE,Sweden,Europe,Northern Europe,location,Regional,Dietary needs,0.75,100.7,14.28,132.75,2.98,0.07,0.05,7.26,41.63,3.93,0.09,98.03,0,181.38,25.29
SWZ,Eswatini,Africa,Southern Africa,location,National,Dietary needs,0.28,95.45,32.87,42.56,2.27,0.03,0.03,1.42,18.09,3.12,0.07,106.8,0,39.29,20.24
SWZ,Eswatini,Africa,Southern Africa,location,Regional,Dietary needs,0.31,89.42,64.68,28.01,2.36,0.03,0.03,0.85,10.17,3.1,0.06,88.37,0,129.82,31.1
SYC,Seychelles,Africa,Eastern Africa,location,National,Dietary needs,0.39,124.88,37.79,34.72,4.61,0.04,0.03,1.49,19.25,2.51,0.1,98.43,0,179.22,25.53
SYC,Seychelles,Africa,Eastern Africa,location,Regional,Dietary needs,0.31,89.42,64.68,28.01,2.36,0.03,0.03,0.85,10.17,3.1,0.06,88.37,0,129.82,31.1
SYR,Syrian Arab Republic,Asia,Western Asia,location,National,Dietary needs,0.47,72.03,29.64,48.69,0.96,0.02,0.05,0.52,9.32,4.22,0.07,109.52,0,145.82,47.28
SYR,Syrian Arab Republic,Asia,Western Asia,location,Regional,Dietary needs,0.38,100.68,48.24,36.09,2.18,0.12,0.05,1.55,22.37,5.21,0.07,84.22,0,225.45,61.09
TCD,Chad,Africa,Middle Africa,location,National,Dietary needs,0.25,15.09,110.05,18.3,3.34,0.01,0.01,0.93,11.37,2.7,0.07,85.45,0,19.9,24.42
TCD,Chad,Africa,Middle Africa,location,Regional,Dietary needs,0.31,89.42,64.68,28.01,2.36,0.03,0.03,0.85,10.17,3.1,0.06,88.37,0,129.82,31.1
TGO,Togo,Africa,Western Africa,location,National,Dietary needs,0.19,14.74,75.7,4.32,0.56,0.02,0.01,0.61,4.72,2.7,0.08,95.38,0,56.36,29.93
TGO,Togo,Africa,Western Africa,location,Regional,Dietary needs,0.31,89.42,64.68,28.01,2.36,0.03,0.03,0.85,10.17,3.1,0.06,88.37,0,129.82,31.1
THA,Thailand,Asia,South-eastern Asia,location,National,Dietary needs,0.27,174.94,26.28,20.48,1,0.06,0.04,0.49,16.57,2.9,0.06,112.14,0,92.43,42.85
THA,Thailand,Asia,South-eastern Asia,location,Regional,Dietary needs,0.38,100.68,48.24,36.09,2.18,0.12,0.05,1.55,22.37,5.21,0.07,84.22,0,225.45,61.09
TJK,Tajikistan,Asia,Central Asia,location,National,Dietary needs,0.3,35.1,8.7,48.73,0.96,0.02,0.04,0.77,10.01,4.79,0.09,101.7,0,270.5,24.74
TJK,Tajikistan,Asia,Central Asia,location,Regional,Dietary needs,0.38,100.68,48.24,36.09,2.18,0.12,0.05,1.55,22.37,5.21,0.07,84.22,0,225.45,61.09
TKM,Turkmenistan,Asia,Central Asia,location,National,Dietary needs,0.59,91.63,4.14,136,0.72,0.05,0.01,5.9,48.7,4.79,0.11,77.62,0,315.28,19.92
TKM,Turkmenistan,Asia,Central Asia,location,Regional,Dietary needs,0.38,100.68,48.24,36.09,2.18,0.12,0.05,1.55,22.37,5.21,0.07,84.22,0,225.45,61.09
TLS,Timor-Leste,Asia,South-eastern Asia,location,National,Dietary needs,0.16,29.63,59.5,11.4,0.99,0.06,0.03,0.6,11.67,2.89,0.07,92.84,0,63.89,19.63
TLS,Timor-Leste,Asia,South-eastern Asia,location,Regional,Dietary needs,0.38,100.68,48.24,36.09,2.18,0.12,0.05,1.55,22.37,5.21,0.07,84.22,0,225.45,61.09
TON,Tonga,Oceania,Polynesia,location,National,Dietary needs,0.28,90.26,17.63,19.12,0.03,0.04,0.03,0.81,17.79,2.58,0.14,96.78,0,72.93,16.3
TON,Tonga,Oceania,Polynesia,location,Regional,Dietary needs,0.61,97,18.28,171.73,4.67,0.09,0.03,4.47,56.52,2.93,0.12,67.97,0.01,125.79,23.49
TTO,Trinidad and Tobago,Latin America and the Caribbean,Caribbean,location,National,Dietary needs,0.51,114.87,51.24,93.6,2.36,0.1,0.14,2.02,13.65,2.86,0.07,196.26,0,65.04,81.62
TTO,Trinidad and Tobago,Latin America and the Caribbean,Caribbean,location,Regional,Dietary needs,0.51,145.12,53.74,78.76,0.98,0.09,0.08,3.65,39.86,3.67,0.08,204.37,0.01,109.36,123.31
TUN,Tunisia,Africa,Northern Africa,location,National,Dietary needs,0.6,116.91,50.01,101.27,5.8,0.04,0.05,0.73,10.08,4.22,0.05,102.33,0,384.44,41.26
TUN,Tunisia,Africa,Northern Africa,location,Regional,Dietary needs,0.31,89.42,64.68,28.01,2.36,0.03,0.03,0.85,10.17,3.1,0.06,88.37,0,129.82,31.1
TUR,Turkey,Asia,Western Asia,location,National,Dietary needs,0.72,199.29,70.14,46.12,7.25,0.05,0.03,0.86,12.06,2.77,0.06,99.74,0,384.06,37.22
TUR,Turkey,Asia,Western Asia,location,Regional,Dietary needs,0.38,100.68,48.24,36.09,2.18,0.12,0.05,1.55,22.37,5.21,0.07,84.22,0,225.45,61.09
TUV,Tuvalu,Oceania,Polynesia,,,Dietary needs,,,,,,,,,,,,,,,
TZA,United Republic of Tanzania,Africa,Eastern Africa,location,National,Dietary needs,0.27,101.36,123.31,28.64,1.55,0.02,0.03,0.62,6.95,2.58,0.07,84.62,0,77.1,21.67
TZA,United Republic of Tanzania,Africa,Eastern Africa,location,Regional,Dietary needs,0.31,89.42,64.68,28.01,2.36,0.03,0.03,0.85,10.17,3.1,0.06,88.37,0,129.82,31.1
UGA,Uganda,Africa,Eastern Africa,location,National,Dietary needs,0.3,203.44,101.76,23.69,4.62,0.02,0.04,0.52,8.96,2.62,0.06,84.38,0,50.74,13.39
UGA,Uganda,Africa,Eastern Africa,location,Regional,Dietary needs,0.31,89.42,64.68,28.01,2.36,0.03,0.03,0.85,10.17,3.1,0.06,88.37,0,129.82,31.1
UKR,Ukraine,Europe,Eastern Europe,location,National,Dietary needs,0.62,48.87,12.77,73.31,1.16,0.06,0.03,3.01,25.15,3.99,0.07,106,0,267.12,21.32
UKR,Ukraine,Europe,Eastern Europe,location,Regional,Dietary needs,0.75,100.7,14.28,132.75,2.98,0.07,0.05,7.26,41.63,3.93,0.09,98.03,0,181.38,25.29
URY,Uruguay,Latin America and the Caribbean,South America,location,National,Dietary needs,0.71,113.64,17.29,155.36,0.37,0.09,0.07,5.71,44.97,4,0.09,57.65,0,105.01,14.99
URY,Uruguay,Latin America and the Caribbean,South America,location,Regional,Dietary needs,0.51,145.12,53.74,78.76,0.98,0.09,0.08,3.65,39.86,3.67,0.08,204.37,0.01,109.36,123.31
USA,United States of America,North America,Northern America,location,National,Dietary needs,0.89,114.23,17.04,181.46,10.93,0.11,0.08,18.12,48.98,5.04,0.1,48.8,0.01,172.43,24.92
USA,United States of America,North America,Northern America,location,Regional,Dietary needs,0.87,117.74,20.8,180.03,10.17,0.11,0.08,17.39,48.89,4.97,0.1,48.43,0.01,173.84,24.77
UZB,Uzbekistan,Asia,Central Asia,location,National,Dietary needs,0.6,71.71,0.62,49.56,2.15,0.04,0.03,2.01,27.52,4.78,0.08,88.35,0,425.75,22.14
UZB,Uzbekistan,Asia,Central Asia,location,Regional,Dietary needs,0.38,100.68,48.24,36.09,2.18,0.12,0.05,1.55,22.37,5.21,0.07,84.22,0,225.45,61.09
VCT,Saint Vincent and the Grenadines,Latin America and the Caribbean,Caribbean,location,National,Dietary needs,0.44,121.96,36.9,54.29,0.71,0.06,0.07,1.22,16.8,3.11,0.08,185.39,0,97.74,94.51
VCT,Saint Vincent and the Grenadines,Latin America and the Caribbean,Caribbean,location,Regional,Dietary needs,0.51,145.12,53.74,78.76,0.98,0.09,0.08,3.65,39.86,3.67,0.08,204.37,0.01,109.36,123.31
VEN,Venezuela (Bolivarian Republic of),Latin America and the Caribbean,South America,location,National,Dietary needs,0.42,141.81,32.85,41.6,0.34,0.11,0.1,1.8,28.43,3.62,0.08,293.55,0.01,126.91,183.23
VEN,Venezuela (Bolivarian Republic of),Latin America and the Caribbean,South America,location,Regional,Dietary needs,0.51,145.12,53.74,78.76,0.98,0.09,0.08,3.65,39.86,3.67,0.08,204.37,0.01,109.36,123.31
VNM,Viet Nam,Asia,South-eastern Asia,location,National,Dietary needs,0.24,92.4,36.92,10.58,4.01,0.05,0.02,0.24,27.53,2.9,0.06,73.14,0,282.59,19.89
VNM,Viet Nam,Asia,South-eastern Asia,location,Regional,Dietary needs,0.38,100.68,48.24,36.09,2.18,0.12,0.05,1.55,22.37,5.21,0.07,84.22,0,225.45,61.09
VUT,Vanuatu,Oceania,Melanesia,location,National,Dietary needs,0.26,66.05,25.22,16.71,0.05,0.02,0.02,0.55,14.08,2.58,0.11,95.12,0,70.52,17.33
VUT,Vanuatu,Oceania,Melanesia,location,Regional,Dietary needs,0.61,97,18.28,171.73,4.67,0.09,0.03,4.47,56.52,2.93,0.12,67.97,0.01,125.79,23.49
WSM,Samoa,Oceania,Polynesia,location,National,Dietary needs,0.57,95.19,28.25,19.42,0.11,0.03,0.02,0.85,18.38,2.03,0.09,95.82,0,97.44,16.09
WSM,Samoa,Oceania,Polynesia,location,Regional,Dietary needs,0.61,97,18.28,171.73,4.67,0.09,0.03,4.47,56.52,2.93,0.12,67.97,0.01,125.79,23.49
YEM,Yemen,Asia,Western Asia,location,National,Dietary needs,0.22,59.59,34.48,30.14,0.58,0.03,0.02,0.38,7.05,4.23,0.08,107.22,0,65.12,52.78
YEM,Yemen,Asia,Western Asia,location,Regional,Dietary needs,0.38,100.68,48.24,36.09,2.18,0.12,0.05,1.55,22.37,5.21,0.07,84.22,0,225.45,61.09
ZAF,South Africa,Africa,Southern Africa,location,National,Dietary needs,0.27,45.12,19.28,51.76,0.38,0.08,0.08,1.42,29.87,3.21,0.06,101.86,0,85.74,13.21
ZAF,South Africa,Africa,Southern Africa,location,Regional,Dietary needs,0.31,89.42,64.68,28.01,2.36,0.03,0.03,0.85,10.17,3.1,0.06,88.37,0,129.82,31.1
ZMB,Zambia,Africa,Eastern Africa,location,National,Dietary needs,0.15,16.2,46.39,7.46,0.86,0.02,0.04,0.73,7.2,2.6,0.06,81.42,0,54.92,31.98
ZMB,Zambia,Africa,Eastern Africa,location,Regional,Dietary needs,0.31,89.42,64.68,28.01,2.36,0.03,0.03,0.85,10.17,3.1,0.06,88.37,0,129.82,31.1
ZWE,Zimbabwe,Africa,Eastern Africa,location,National,Dietary needs,0.16,20.17,37.93,23.83,0.37,0.02,0.09,0.54,9.31,3.19,0.07,92.89,0,27.58,13.99
ZWE,Zimbabwe,Africa,Eastern Africa,location,Regional,Dietary needs,0.31,89.42,64.68,28.01,2.36,0.03,0.03,0.85,10.17,3.1,0.06,88.37,0,129.82,31.1